,idUser,given_item_count,taken_item_count,description_user
0,153548680,2,0,
1,152650340,8,0,
2,151914014,5,0,
3,152650340,8,0,
4,21323573,4,0,
5,151881870,1,0,
6,152700176,0,0,
7,151914014,5,0,
8,153546167,4,0,
9,153552191,0,0,
10,153548724,1,0,
11,70295578,1,0,
12,73194306,8,0,
13,152711589,0,0,
14,152640129,2,0,
15,152644652,3,0,
16,153555461,1,0,
17,153162763,0,0,
18,153545685,0,0,
19,153545336,0,0,
20,153162749,0,0,
21,148153543,6,0,
22,153552191,0,0,
23,52427665,0,0,
24,151919966,2,0,
25,152721908,0,0,
26,152650340,8,0,
27,55619977,2,1,
28,153546116,0,0,
29,63104712,0,0,
30,77765137,3,0,
31,153545685,0,0,
32,151920498,1,0,
33,152711589,0,0,
34,90095164,4,0,
35,152706226,3,0,
36,151135271,0,3,
37,153162749,0,0,
38,53620250,6,0,
39,153160830,1,0,
40,151919966,2,0,
41,152410491,2,0,
42,13702812,8,0,
43,34445679,11,4,
44,152644688,9,0,
45,153548680,2,0,
46,151893757,2,0,
47,138559590,1,0,
48,153162064,0,0,
49,152252393,2,0,
50,152639750,2,0,
51,151070555,5,0,
52,153162763,0,0,
53,151920856,2,0,
54,91417637,44,0,"Vous pouvez l&#39;acheter directement.
Laissez-moi un message aprÃ¨s l&#39;achat.
Je viens ici tous les jours pour vÃ©rifier."
55,55763705,7,0,
56,152721908,0,0,
57,153162946,1,0,
58,153547159,1,0,
59,152706226,3,0,
60,153547159,1,0,
61,151126738,1,0,
62,50465486,0,0,
63,150588381,1,0,
64,79780411,12,2,
65,72797980,2,0,
66,17888989,7,2,
67,152647101,0,0,
68,147619391,2,0,
69,153162946,1,0,
70,49476751,6,0,
71,151920830,0,0,
72,49729989,1,0,
73,54825462,5,0,
74,151916367,1,0,
75,151915173,0,0,
76,153160834,0,0,
77,153546116,0,0,
78,151916152,0,0,
79,34975682,2,0,
80,81901296,19,0,
81,71609423,10,0,
82,64080836,15,0,
83,152640129,2,0,
84,25157369,0,0,
85,82952129,8,8,
86,152640250,0,0,
87,22128120,16,395,
88,153162749,0,0,
89,152639750,2,0,
90,152721908,0,0,
91,151126738,1,0,
92,148404556,18,17,âš ï¸ Contacter moi en cas de problÃ¨me!
93,151914014,5,0,
94,17106313,4,4,
95,57387910,6,0,
96,64762388,20,0,
97,56859919,2,0,
98,54172928,13,0,
99,49131648,4,0,
100,98650361,0,0,
101,142200695,5,4,
102,47369064,11,19,
103,153549235,3,0,
104,152644652,3,0,
105,44611377,4,0,
106,152706226,3,0,
107,150588381,1,0,
108,50969018,5,24,
109,37468953,11,0,
110,38240561,57,31,"Envoie soignÃ© dans les 48h.
Toute piÃ¨ce sur mon profil est authentiqueâœ…
Je refuse tout renvoiâŒ(sauf grosse erreur de ma part).
Tout est prÃ©cisÃ© en description ou sur demande de lâ€™acheteur. "
111,24349668,2,1,
112,153162749,0,0,
113,19106184,15,0,
114,153545685,0,0,
115,20856291,3,2,
116,152644652,3,0,
117,70259761,12,1,SemplicitÃ  
118,27099768,6,1,
119,143460144,1,0,
120,150588381,1,0,
121,153545770,0,0,
122,37565462,4,0,
123,42256141,8,38,"Je m&#39;en vais,mais l&#39;Ã©tat demeurera toujours.&quot;"
124,29936274,44,0,
125,52534148,13,1,
126,153545770,0,0,
127,72839222,7,0,
128,55674609,23,0,
129,62852976,2,80,
130,14835475,680,356,"HELLO ğŸ‘‹

ğŸ‘• .  VINTAGE, STREETWEAR, SNEAKERS
âœ”ï¸ .  JUSQU&#39;Ã€ -30% SUR LES LOTS 
ğŸ“¦ .  ENVOIE SOUS 24H-72H
ğŸ’¯ .  100% ARTICLES AUTHENTIQUES
ğŸš« .  AUCUN Ã‰CHANGE, RÃ‰SERVATION
ğŸ¤ .  REMISE MAIN PROPRE POSSIBLE
ğŸ‘ .  ARTICLES VISIBLES = DISPONIBLE 

BON SHOPING ğŸ‘‹"
131,177924191,0,0,
132,150588381,1,0,
133,153784200,8,0,
134,147884202,2,0,
135,153545685,0,0,
136,25212959,4,4,
137,152404400,0,0,
138,152631633,0,0,
139,151126738,1,0,
140,19824080,35,51,
141,151964049,3,0,
142,151881104,0,0,
143,17020920,174,37,
144,75954482,9,0,
145,20172875,1,0,
146,19298599,14,2,
147,40873335,5,0,Bonjour collectionneur de miniature aime le style 80 90
148,27933916,4,0,
149,15966741,6,4,
150,153162763,0,0,
151,19470697,10,93,
152,28976992,10,9,
153,153546116,0,0,
154,73928718,2,1,
155,108464394,8,3,
156,20059472,30,1,"France
- Colis soigner + envoie rapide !
- Les articles sont livrÃ©s en moins de 8 jours 
seulement MONDIAL RELAY ou CHRONO2CHOP !!
- Retours non acceptÃ©s !
- Abonnez vous pour ne rien louper :)
"
157,133498391,58,0,
158,74977551,1,0,
159,153162946,1,0,
160,151920498,1,0,
161,36696525,13,2,
162,94685147,0,0,
163,127975876,11,0,
164,32412874,53,10,
165,20797928,0,0,
166,71460324,10,0,
167,63103662,5,0,
168,107103228,4,5,
169,17186197,0,0,
170,151126738,1,0,
171,152706226,3,0,
172,72044013,4,11,
173,153552191,0,0,
174,80195226,3,12,
175,51288877,7,0,
176,27464533,140,35,
177,20567263,70,22,
178,25406429,0,0,
179,151126738,1,0,
180,17186197,0,0,
181,49135998,1,0,
182,42256141,8,38,"Je m&#39;en vais,mais l&#39;Ã©tat demeurera toujours.&quot;"
183,18138947,0,0,Salut! je vends mes anciens vÃªtements sur Vinted dans le but quâ€™ils fassent dâ€™autres ravies! Si vous avez des questions nâ€™hÃ©sitez pas ! ;)
184,151899883,3,0,
185,35907087,114,20,
186,53573149,22,0,
187,94573210,51,14,
188,148493301,2,4,"
"
189,16089183,2,0,
190,140105046,0,3,
191,26632748,11,0,
192,151920830,0,0,
193,153162064,0,0,
194,152705204,0,0,
195,13221325,73,27,Bienvenue dans mon dressing ! 
196,27087265,9,0,
197,153545685,0,0,
198,153545685,0,0,
199,152647101,0,0,
200,152640129,2,0,
201,153162946,1,0,
202,17739811,0,8,
203,56111979,8,0,
204,152709177,3,0,
205,98299702,10,3,
206,153553019,1,0,
207,80564436,4,1,
208,152650340,8,0,
209,153553043,0,0,
210,59871993,51,2,
211,15544074,2,1,
212,42027061,2,6,
213,39872968,1,3,
214,27156811,36,0,
215,153549235,3,0,
216,145187858,7,0,
217,152252393,2,0,
218,55763705,7,0,
219,55181931,10,0,
220,105143751,4,61,
221,34466531,0,0,
222,151085821,174,1,
223,58563069,3,0,
224,25586368,2,0,
225,49725347,13,0,
226,20005971,7,1,
227,25086050,15,0,
228,152644451,5,0,
229,63882286,14,9,
230,28164313,157,181,"Bienvenue sur mon vinted, vous pouvez y trouver de nombreux vetements en esperant quâ€™ils vous conviennent. Bon shopping  "
231,153162763,0,0,
232,26604715,10,0,
233,153548680,2,0,
234,153162064,0,0,
235,62220175,3,0,
236,129920070,0,0,nouveau compte 
237,151894169,1,0,
238,153545793,1,0,
239,14188189,3,7,
240,153553043,0,0,
241,77945569,1,0,
242,19106184,15,0,
243,153546116,0,0,
244,166572394,15,5,"coucou 
bienvenue sur mon Profil
toute les commendes seront expedie sous 48h"
245,19013816,64,0,
246,75868406,6,0,
247,31837212,24,8,
248,25939753,82,6,Insta : DFAME56
249,157682497,41,2,"ğŸ—£J&#39;offre les Frais de Transport sur ta 1Ã¨re commande !
OFFERT POUR TOUT MES ABONNÃ‰S- âœ…ï¸
-ABONNE-TOI-ğŸ˜
LesBoutiquesDOM vous proposeront toute une collection d&#39;articles destinÃ©s Ã  nous les Hommes avec un grand &quot;H&quot;.ğŸ˜Š
Hommes, femmes et enfants pourrons y trouver leur bonheur...ğŸ˜‡
OriginalitÃ© et NouveautÃ© allant de l&#39;article neuf Ã  celui d&#39;occasion, LesBoutiquesDOM seront combler toutes vos attentes...
EXPÃ‰DITION RAPIDE !ğŸ’¨ 
ET SOIGNER ğŸ˜Š
A trÃ¨s vite !ğŸ«¡"
250,57827930,6,0,
251,54270859,7,2,
252,22524464,13,5,
253,176503753,0,0,
254,153546116,0,0,
255,51866421,31,1,
256,19106184,15,0,
257,74766661,14,4,
258,47925432,8,23,
259,27270498,7,0,
260,35488926,6,42,
261,68472547,44,48,
262,27087265,9,0,
263,14681651,101,5,Vente de sneakers neuves et authentiques
264,33263021,5,0,
265,49631547,33,0,
266,70197567,6,0,
267,151085821,174,1,
268,42309101,3,27,
269,27727835,3,0,
270,36241148,2,0,
271,145821566,2,3,
272,151920856,2,0,
273,117953076,0,0,
274,25895107,5,2,
275,48679113,1,0,
276,153548680,2,0,
277,41283411,3,170,
278,150586866,1,0,
279,127532555,1,0,
280,36754294,31,21,
281,151919269,0,0,
282,151916367,1,0,
283,118264515,8,0,
284,153160833,0,0,
285,105143751,4,61,
286,72370937,13,0,
287,21722377,16,1,
288,142265753,0,0,
289,123013040,6,0,
290,48928461,6,0,
291,152639750,2,0,
292,81860464,1,0,
293,18556760,5,0,
294,54722596,23,0,
295,66236715,1,0,
296,161935765,6,7,
297,15536518,6,0,
298,16367588,49,18,"Bienvenue sur mon dressing

-Envoie colis mondial relay 24h/48h
-Passione de sneakers je vend des paire pour pouvoir acheter mes paires de sneakers
-Jâ€™accepte les negociations raisonnables
-Aucun retours

Nâ€™hesitez pas si vous avez des questions ou des informations supplementaire"
299,16815542,3,21,
300,12487564,6,4,
301,53556868,9,0,
302,42422854,1,7,
303,93418891,0,2,
304,73993873,17,0,
305,52427665,0,0,
306,56652114,2,0,
307,82198350,16,49,
308,151881556,0,0,
309,29217507,4,3,
310,11874253,4,3,
311,153545770,0,0,
312,27156811,36,0,
313,60994305,8,10,
314,90072015,200,186,"Nouveaux articles disponibles tout les jours !
-5% pour les abonnÃ©s ğŸ"
315,77591660,6,0,
316,65596061,3,0,"Iryna
Oost Vlaanderen tegen Aalst"
317,152639750,2,0,
318,153547159,1,0,
319,40013165,9,2,
320,26019902,1,0,
321,20238780,35,22,"Je suis resseler ğŸ¤™ğŸ¤™
No fake !!
Suplly france "
322,21866225,3,2,
323,138281593,3,0,
324,46396586,118,20,"-Insta: mathis_mesle
-Article authentiqueâœ…
-Article neuf (le plus souvent)
-Envoie trÃ¨s rapideğŸ’¨                                                      -Remise en mains propre sur Paris ğŸ—¼
-N&#39;hÃ©sitez pas Ã  me mp pour plus d&#39;infoğŸ“²"
325,144814402,29,1,"Bonjour a tous, ici voud pourez trouver des articles de deuxieme main que je nâ€™utilise pas ğŸ˜ğŸ˜, bon shopping ğŸ›’"
326,69840355,3,4,
327,50807568,17,0,
328,124940281,5,0,
329,59582208,8,0,
330,151881104,0,0,
331,66337503,96,39,"Bonjour âœŒğŸ½
je vend des vetements et des sneakers en tout genre, j&#39;espere sue tu trouveras ton bonheur ğŸ¤™ğŸ½â˜ºï¸"
332,151899547,1,0,
333,51467614,1,0,
334,153547159,1,0,
335,56399673,299,5,"Bonjour et bienvenue sur mon profil ! ğŸ˜

Je mesure 1m63
Mes mensurations :
- S en haut
- 36 en bas

Les prix reste nÃ©gociables dans la limite du raisonnable.

-&gt; Les envois se font la plupart du temps le jour mÃªme en fonction de l&#39;heure Ã  laquelle vous achetez ou le lendemain au plus tard ! ğŸ“¦
JE NE FAIS PAS D ENVOIS AVEC CHRONOPOST, TROP DE VOLS
N&#39;hÃ©sitez pas Ã  acheter en lots ğŸ˜‰

Si vous avez des questions concernant les articles, nâ€™hÃ©sitez pas Ã  venir me parler ! 

Passez une bonne journÃ©e ! ğŸ˜Š"
336,77364213,5,1,
337,35318727,143,29,ğŸ“¦ Envoi assurÃ© sous 3 jours 
338,151881104,0,0,
339,15575595,23,8,
340,172214830,6,0,"je vends de tout et peux faire des lots, tout ce que je vends est authentique apart si il y a marquÃ© &quot;regardez mon profil&quot; sur l&#39;annonce."
341,77378125,3,4,
342,14393020,255,223,"Je peux envoyer rapidment les colis ğŸ˜‡

Nâ€™hesitez pas Ã  crÃ©er des lots pour economiser les frais de portğŸ›ğŸ¤‘

Ps: Je ne reprends pas les articles envoyÃ©s

 https://www.instagram.com/morgane_perou/"
343,29073881,68,52,
344,64509748,5,0,
345,152640250,0,0,
346,77432040,34,2,"Bonjour je vend des sneakers principalement mais tu pourras aussi trouver autre chose quelque fois.

Tous les envois sont soignÃ©s et toujours sous 48 heures.

Tous les articles sont negiciables"
347,14205795,17,23,
348,47623809,0,0,
349,15291579,5,4,
350,103426272,49,12,
351,90072015,200,186,"Nouveaux articles disponibles tout les jours !
-5% pour les abonnÃ©s ğŸ"
352,67309968,5,0,
353,63866821,10,0,
354,62503987,1,0,
355,52026908,27,6,"mon nouveau vinted:
gasy943"
356,20509048,420,6,"VÃªtements garÃ§on et fille jusqu&#39;Ã  12-14 ans et beaucoup....beaucoup trop de vÃªtements et chaussures femme du 36 au 44ğŸ¤·ğŸ˜‚bon shoping ğŸ‘—ğŸ‘’ğŸ‘šğŸ‘ ğŸ¥¿ğŸ“¦âœ”ï¸ 
Remise en main propre possible Ã  Nantes ou Rennes "
357,61363105,17,1,
358,27270498,7,0,
359,16400790,24,9,
360,74495147,93,36,"Je suis un vendeur de vÃªtements simple et de marque, j&#39;aime renouveler ma garde de robeğŸª´

Je met en vente des vetements de seconde mainâœ¨

Jâ€™Ã©xpedie entre 24/48hğŸ“¦
Ouvert a la disscution , poli et tÃ©mÃ©raireğŸ™‚
"
361,151915173,0,0,
362,153160834,0,0,
363,80198033,69,14,"Je suis un Ã©tudiant qui essaie de financer sa vie Ã©tudiante 
"
364,85422675,77,3,"Vendeur actif ğŸª„
Envoie rapide ğŸš›
Produit avec facture Ã  lâ€™appuie ğŸ—‚ï¸
Pas de retours ğŸš«"
365,37521019,1,27,nÃ©pal enjoyer depuis la naissance
366,166572394,15,5,"coucou 
bienvenue sur mon Profil
toute les commendes seront expedie sous 48h"
367,94573210,51,14,
368,68501935,3,0,Todos os preÃ§os podem ser negociÃ¡veis 
369,34201813,61,37,
370,151085821,174,1,
371,17577354,78,18,"Je vends des vÃªtements en bon Ã©tat, mais qui ne me vont plus. ğŸ‘—
Photos supplÃ©mentaires sur demande ğŸ“¸
Disponible ğŸ’¬
Envoie rapide âš¡
Colis soignÃ©s ğŸ€ 
Prix nÃ©gociables ğŸ›

Pour toutes commandes de + de 10â‚¬ Je met une petite surprise dans votre colisğŸğŸ‰
"
372,31516329,0,6,
373,55532760,16,0,
374,80366089,16,0,
375,18146637,70,22,+ dâ€™infos en pv
376,152706226,3,0,
377,143023598,21,0,
378,63333363,33,36,"Je suis actif sur vinted je repond rapidement je prend soin de ce que jâ€™envoi et les colis sont soignÃ© et jâ€™envoi rapidement, et si je ne peux pas je vous previens. Vous pouvez avoir confiance. "
379,32660734,2,0,
380,116987100,70,3,"Instagram: sabbatresell

- Located In Luxembourg ğŸ“
- 100% Authentic 
- EU Shipping Or Public Meetup
EST. 2023
#ØµØ¨Ø§Ø·"
381,56428968,28,19,
382,85472660,14,1,
383,55727734,63,42,"Bienvenue sur mon profilğŸ‘ï¸

Bonjour je mâ€™appelle Noa je suis un vendeur serieux qui aimerait ce lancer dans la sneakers et a de rare exception le streetwearğŸ‘¨â€ğŸ’»

Tout les envoies sont effectuÃ©s rapidement (gÃ©nÃ©ralement sous 48h)ğŸ“¦

Toutes les paires sont authentiques ( je tient a prÃ©ciser au vu du nombre de fakes qui circulent aujourdâ€™hui,Ã  croire que certains oublient que câ€™est illÃ©galğŸ¤¡)

Je suis ouvert en message privÃ© pour toute question ğŸ“²

Bon shopping ğŸ›ï¸"
384,101429329,19,0,
385,23986633,65,0,"
Je vends des sneakers et des vÃªtements neufs âœ¨
Tout mes articles sont authentiques avec preuve d&#39;achat Ã  l&#39;appui âœ…

PS : je n&#39;accepte pas les retours merci de votre comprÃ©hension"
386,72639571,4,0,
387,16536337,21,0,
388,35781276,39,13,
389,46594492,22,0,"Je vends des vetements et chaussures authentiques âœ¨
Ancien compte raphael_chm 
Prix lÃ©gÃ¨rement negociable ğŸ¤
Pas de retour possible âŒ
"
390,21662709,0,0,
391,66494305,34,4,
392,16599199,1,0,
393,25539820,66,27,
394,17872276,36,21,
395,166572394,15,5,"coucou 
bienvenue sur mon Profil
toute les commendes seront expedie sous 48h"
396,50641752,46,54,
397,127580762,8,0,
398,61630054,159,68,
399,32795206,11,2,
400,151920830,0,0,
401,30019641,14,0,
402,151920856,2,0,
403,31528310,9,39,
404,18474669,81,86,
405,81669334,13,4,
406,16367588,49,18,"Bienvenue sur mon dressing

-Envoie colis mondial relay 24h/48h
-Passione de sneakers je vend des paire pour pouvoir acheter mes paires de sneakers
-Jâ€™accepte les negociations raisonnables
-Aucun retours

Nâ€™hesitez pas si vous avez des questions ou des informations supplementaire"
407,27244073,186,90,
408,19013816,64,0,
409,163680633,3,0,
410,152640250,0,0,
411,22776543,149,144,"Envoie par mondial relay ou point relais ğŸ’¥
Colis toujours bien envoyÃ© et bien protÃ©gÃ© 
N&#39;hÃ©site pas si tu a des questions.ğŸ™‹â€â™‚ï¸
Ig: _adri1_g 
"
412,38056899,45,1,"Et oui il peut mâ€™arriver de vendre des choses sur ce compte..
ğŸ›ï¸ğŸ›ï¸ğŸ›ï¸"
413,33491894,55,42,
414,40592869,14,0,
415,56494322,5,0,
416,36740612,5,0,
417,75954482,9,0,
418,28007789,11,1,
419,111655353,19,0,
420,154921351,3,0,"ğŸ‘‹Salut moi c&#39;est Lucas

ğŸ§‘â€ğŸ’»Voici quelque infos sur moi

ğŸ“Paris
ğŸ“¦Envoi Rapidement
ğŸ’¬RÃ©pond Vite
ğŸ·Prix Raisonnable 
ğŸ“¸ Belle photos en gÃ©nÃ©ral 

ğŸ›’Bon shopping Ã  toiğŸ˜ğŸ«µ
"
421,151881556,0,0,
422,171690164,22,3,"Welcome 
Tous les produits mis en ligne sont authentiquesğŸ˜‰âœ… ..Bon shopping "
423,39038726,42,22,"Bonjour et bienvenue sur mon compte Vinted !

Pour tout renseignement nâ€™hÃ©sitez pas Ã  me contacter en privÃ©. 

Remise en main propre sur Paris possible !!

JE NE RÃ‰CUPÃˆRE PAS LES ARTICLES, DONC PAS DE RETOUR NI DE REMBOURSEMENT.

Bon shopping a vous ! ğŸ«¶ğŸ»
"
424,75044642,2,0,
425,152631633,0,0,
426,61974742,113,29,"Je vends mes habits et mes sneakers 
Viens en dm si tu es interesse"
427,37076759,2,3,
428,35838897,5,6,
429,170306761,2,1,
430,105693975,2,11,
431,1858346,583,404,"Bonjour,

Veuillez lire la description avant dâ€™acheter. 
Je ne reprend pas les articles que je vends merci 


Je mesure 1m57 "
432,22410894,1,0,
433,19013816,64,0,
434,74046793,2,0,
435,152640250,0,0,
436,80174009,9,6,"Salut ğŸ‘‹

Je vends des sneakers en tout genre donc tu trouveras certainement ton bonheur, hÃ©site pas Ã  jeter un oeil ğŸ‘Ÿ

Les colis sont envoyer rapidement et sont emballÃ©s soigneusement ğŸ“¦

Si tu as une question, nâ€™hesite pas ! Je rÃ©ponds au plus vite ğŸ˜Š

Tout les prix affichÃ©s sont nÃ©gociables (pas dâ€™Ã©change)ğŸ’¶"
437,12077396,142,170,"Vestiaire mixte
Marques luxes, streetwear, designers.
Nâ€™hesitez pas Ã  me contacter.
Pieces 100% originales.
Pas de retours."
438,142951448,3,2,
439,153548680,2,0,
440,35866525,95,70,
441,133822096,17,1,
442,90072015,200,186,"Nouveaux articles disponibles tout les jours !
-5% pour les abonnÃ©s ğŸ"
443,50641752,46,54,
444,28229988,122,46,"Bonjour, je vends mes articles car j&#39;ai besoin de place chez moi et de ne garder que le strict nÃ©cessaire, n&#39;hÃ©sitez pas Ã  acheter, je me dÃ©brouillerai pour tout vous envoyer dans les dÃ©lais les plus bref ;)"
445,14416999,0,3,
446,40928656,55,54,"IG:thieumabrlx
âš¡ï¸Les colis sont expÃ©diÃ©s le jour de lâ€™achat ou le demain au plus tard 

â³Livraison rapide ğŸ“¦
Je peux me deplacer sur lyon 
ğŸ¤Prix nÃ©gociable dans la mesure du raisonnable .

ğŸ’ŒTout est indiquÃ© sur les photos et la description de lâ€™article. Je ne fais aucun retour ni remboursement.
Nâ€™hÃ©sitez pas a me contacter en cas de question ou dâ€™informations supplÃ©mentaires !"
447,151881556,0,0,
448,152700011,0,0,
449,36740612,5,0,
450,32287928,19,25,
451,123281762,1,6,
452,151919966,2,0,
453,175307779,37,4,"Nouveau compte ğŸ§‘â€ğŸ’»

Personne serieuse voulant vendre quelques paires de chaussures.

Nâ€™hesitez pas a me contacter plus dâ€™informations ğŸ˜„"
454,17352555,57,20,
455,153546167,4,0,
456,80198033,69,14,"Je suis un Ã©tudiant qui essaie de financer sa vie Ã©tudiante 
"
457,71609423,10,0,
458,166572394,15,5,"coucou 
bienvenue sur mon Profil
toute les commendes seront expedie sous 48h"
459,66090203,5,0,
460,89387792,42,21,"Bonjour/bonsoir,


ğŸ“Œ | Bienvenue sur mon compte !
â€¢
â€¢
ğŸ·ï¸ | VÃªtements toujours lavÃ©s, repassÃ©s et bien-sÃ»r soignÃ©s ! 
â€¢
â€¢
ğŸ“¦ | ExpÃ©dition rapide (le jour mÃªme avant 15h30 ou le lendemain) 
â€¢
â€¢
â“| Une question ? Contactez moi directement, je reponds dans lâ€™heure !
â€¢
â€¢ 
Bonne visite ğŸ™ƒ"
461,24704237,74,28,
462,175803070,32,0,"Bonjour et bienvenue, tout mes articles sont sont authentique, envoie rapide et soigner :)"
463,35866525,95,70,
464,77364213,5,1,
465,75044642,2,0,
466,151058932,0,0,
467,24704237,74,28,
468,166572394,15,5,"coucou 
bienvenue sur mon Profil
toute les commendes seront expedie sous 48h"
469,56026199,9,20,
470,112081029,11,2,
471,152647101,0,0,
472,68801190,10,0,
473,1370052,6,5,
474,18566844,88,85,"Etudiant je vends les habits que je ne porte plus pour en acheter d&#39;autres !
N&#39;hÃ©sitez pas Ã  me poser des questions "
475,40698776,32,25,"C&#39;est avec grand plaisir que Clean
SneakersÂ® offre ses offres sur vinted. 

Nous sommes une entreprise spÃ©cialisÃ©e dans la restauration et la personnalisation de chaussures. 

Nous redonnons vie Ã  vos sneakers prÃ©fÃ©rÃ©s en les nettoyant, les blanchissant et en les customisant selon vos envies. 

N&#39;hÃ©sitez pas Ã  nous contacter pour plus d&#39;informations sur nos services et suivez-nous sur Instagram pour voir nos derniÃ¨res crÃ©ations !

Instgram: @cleansneakers22"
476,57485696,148,5,"Bonjour , 
Je me presente je mâ€™appelle benoit je suis un vendeur de sneakers depuis maintenant 2 ans , 
Je suis un grand passionnÃ© et jâ€™espere que vous 
Trouverez votre bonheur dans mon dressing ğŸ˜. 
Jâ€™ai la factures sur toute les sneakers qui seront bien evidemment fourni dans la boite.

Bon shopping âœŒğŸ¼"
477,28623010,1129,627,"
Hey ! 

Bienvenue sur mon compte ğŸ˜

Je mâ€™appelle Louka, passionnÃ© de jeux-vidÃ©os et de mode. Je vends sur Vinted depuis plusieurs mois maintenant ğŸ˜Š

ğŸ® Je suis spÃ©cialisÃ© dans les jeux-vidÃ©os Nintendo, je vends de nombreux jeux et consoles de la Nintendo DS jusquâ€™Ã  la Nintendo Switch, vous trouverez sur mon compte une sÃ©lÃ©ction dâ€™articles qui sont renouvelÃ©s chaques semaines. Je vends Ã©galement Ã  plus petite dose des chaussures et des cartes Ã  jouet (PokÃ©mon, Disney Lorcanaâ€¦)

â¤ï¸ Je propose des prix trÃ¨s attractifs, qui sont gÃ©nÃ©ralement les meilleurs du marchÃ© de lâ€™occasion.

ğŸ“Je suis toujours TRÃˆS attentif sur lâ€™Ã©tat de mes produits, qui sont tous testÃ©s avant mÃªme la mise en vente sur lâ€™application.

ğŸ“¨ Jâ€™effectue mes envoi le plus rapidement possible, parfois dans lâ€™heure, et au maximum 48 heures aprÃ¨s achat (week-end compris). 

Dans les trÃ¨s rares cas oÃ¹ un acheteur souhaite effectuer un retour, ils seront Ã  ses frais, comme le stipule les conditions de retour de lâ€™application. 

Nâ€™hÃ©sitez pas Ã  vous abonner pour ne rater aucune nouveautÃ© sur mon profil ğŸ˜‰

Ã€ plus ! 

"
478,69522668,88,27,
479,32778110,29,33,"Bonjour Ã  tousğŸ˜€

ğŸ‘ŸPassion Chaussures 
 ğŸ§¾ Je vends du neuf et de lâ€™occasion avec etiquettes et factures

ğŸ“¬ Envoi en double box avec papier bulle ou remise en main propre possible sur Aix-En-Provence et ses alentours

Je suis ouvert a certains echanges donc proposez moi en MP

Suivez moi sur les reseaux pour plus de produits -10% si vous venez grace a vinted ! @_sucreme_

Merci !!"
480,17492069,41,5,
481,142876171,29,0,"CoucouğŸ‘‹

J&#39;essaye de rÃ©pondre rapidement

PossibilitÃ© de remise en main propre sur Paris oÃ¹ envoie en double box, 

paire neuves et authentiques avec facture Ã  l&#39;appui, 

Je ne fais pas d&#39;Ã©change,

N&#39;hesite pas Ã  t&#39;abonner pour recevoir une notification dÃ¨s qu&#39;une nouvelle paire est en ligne

Bon shopping ğŸ˜Š"
482,14845974,51,3,
483,24192577,2,0,
484,153162064,0,0,
485,25539820,66,27,
486,106691297,23,6,"Bonjour, ici vous pourrez retrouvez que des articles 100% authentiques comme des sneakers, des vetements Nike ou dâ€™autres choses qui pourront surement vous plaire ğŸ˜‰
Jâ€™envoie les colis le plus rapidement possible (72h max) 
Tout les articles sont laver et repasser avant lâ€™envoie et livrer dans un carton ou double box pour les sneakers ğŸ“¦
Je nâ€™hesite pas a vous envoyer un message si je vois que vous etes interesser par un article alors repondez moi cela serais cool ğŸ™‚
Si vous avez une question sur quoi que ce soit je suis tres actif et prendrais le plaisir de vous repondre ğŸ˜ "
487,151899883,3,0,
488,55426687,2,0,
489,13926465,41,16,
490,52794502,33,5,PassionÃ© de vetements et de sneakers ğŸ¤©
491,151881140,0,0,
492,18914257,24,160,
493,14012635,72,152,"ğŸ‘Ÿ Plongez dans la Tendance Sneakers Hype !

âœ¨ Des styles tendance soigneusement sÃ©lectionnÃ©s pour enrichir votre collection.

ğŸ”¥ DÃ©couvrez mes paires exclusives, adaptÃ©es Ã  tous les goÃ»ts et tous les styles.

ğŸŒ Livraison rapide | Pour plus d&#39;informations, envoyez-moi un message."
494,55426687,2,0,
495,63713584,117,2,"Bienvenue sur mon profil !

JE NE FAIS PLUS D ENVOI AVEC CHRONOPOST POUR DES RAISONS EVIDENTES 
-&gt; Les envois se font la plupart du temps le jour mÃªme en fonction de l&#39;heure actuelle Ã  laquelle vous achetez ou le lendemain au plus tard !

N&#39;hÃ©sitez pas Ã  me contacter pour plus d&#39;informations.
A trÃ¨s vite !"
496,61974742,113,29,"Je vends mes habits et mes sneakers 
Viens en dm si tu es interesse"
497,54806738,36,17,
498,152644451,5,0,
499,37618554,173,129,"Bienvenue !

â€¢ Vente vÃªtements &amp; chaussures de seconde main âœ…
â€¢ Nâ€™hÃ©sitez pas si vous avez besoin de renseignements. ğŸ˜
â€¢ Nâ€™accepte pas les retours (sauf erreur de ma part) âŒ

Bon shopping !"
500,157526093,45,1,"Je m&#39;appelle Charly et bienvenue sur mon profil ğŸ‘¤

Paires 100% Neuve et Authentique âœ¨

Tous les envois seront effectuÃ©s rapidement (sous 48h en gÃ©nÃ©ral) ğŸš„

N&#39;hÃ©site pas Ã  m&#39;envoyer un message privÃ© si besoin de plus d&#39;informations â„¹ï¸"
501,168717609,8,3,"Bonjour,
Sur mon profil vinted je vends avant tous des sneakers populaire et assez demandÃ©es et rechechÃ©es. 
Si vous avez la moindre question sur une annonce ou un produit, nâ€™hÃ©sitez pas a mâ€™envoyer un message je repondrais dans les plus bref delaisğŸ˜‰"
502,19388217,2,0,
503,51133636,125,120,"-Vendeur de sneakers âœ…
-100% authentique tout est verifiÃ© ğŸ’ªğŸ»
-Envois soignÃ©s ğŸ“¦
Nâ€™hÃ©sitez pas Ã  poser des questions jâ€™y rÃ©pondrais avec grand plaisir !

rejoignez moi sur instagram: @snkr_ad"
504,123081836,2,1,
505,11783680,4,43,
506,151899883,3,0,
507,50641752,46,54,
508,135695611,43,17,
509,35866525,95,70,
510,52192657,2,0,
511,41098497,7,2,
512,152700011,0,0,
513,175307779,37,4,"Nouveau compte ğŸ§‘â€ğŸ’»

Personne serieuse voulant vendre quelques paires de chaussures.

Nâ€™hesitez pas a me contacter plus dâ€™informations ğŸ˜„"
514,36754294,31,21,
515,82198350,16,49,
516,35866525,95,70,
517,177924191,0,0,
518,33663428,22,10,"Lâ€™ensemble des articles sont authentique 
Les envoies sont rapide et soignÃ©e
Merci de bien lire les descriptions 
Nâ€™hesithez pas pour toute question merci ğŸ™ğŸ¼"
519,17577354,78,18,"Je vends des vÃªtements en bon Ã©tat, mais qui ne me vont plus. ğŸ‘—
Photos supplÃ©mentaires sur demande ğŸ“¸
Disponible ğŸ’¬
Envoie rapide âš¡
Colis soignÃ©s ğŸ€ 
Prix nÃ©gociables ğŸ›

Pour toutes commandes de + de 10â‚¬ Je met une petite surprise dans votre colisğŸğŸ‰
"
520,164434567,49,19,"Hello ! Moi câ€™est Nefeli et jâ€™ai 21 ans. Sur mon profil vous retrouverez principalement des piÃ¨ces de marque et du vintage, le tout en trÃ¨s bon Ã©tat !

Jâ€™expÃ©die vos colis le jour mÃªme ou le lendemain de lâ€™achat. Si ce nâ€™est pas le cas, câ€™est que le point relais est fermÃ©â€¦

Merci ğŸ˜"
521,32287928,19,25,
522,152638798,0,0,
523,52138998,15,1,
524,82004133,2,0,
525,76695676,31,9,
526,16233379,22,1,
527,119378010,23,2,"Bonjour, je vend essentiellement des Sneakers !
Si vous avez besoin de quoi que ce soit, nâ€™hÃ©sitez pas !"
528,80564436,4,1,
529,153545770,0,0,
530,24925329,186,91,"Bonjour Ã  toutes et Ã  tous ! 
Les vÃªtements que je vends sont neuf ou en trÃ¨s bon Ã©tat.

Ouvert Ã  la nÃ©gociation.

Cordialement, et bon shopping !"
531,178820239,6,0,"Bienvenue chez views4 !

ğŸ‘Ÿ Explorez notre collection exclusive de sneakers et d&#39;habits streetwear.

ğŸ” Chaque article est soigneusement vÃ©rifiÃ© pour assurer son authenticitÃ©.

ğŸ“¦ Profitez d&#39;un envoi express.

ğŸ“¸ Instagram : views4shop

ğŸ¬ Tiktok : views4shop"
532,98299702,10,3,
533,166572394,15,5,"coucou 
bienvenue sur mon Profil
toute les commendes seront expedie sous 48h"
534,29936274,44,0,
535,17696956,38,29,
536,55274245,6,2,
537,151899883,3,0,
538,80198033,69,14,"Je suis un Ã©tudiant qui essaie de financer sa vie Ã©tudiante 
"
539,152639750,2,0,
540,135695611,43,17,
541,50040615,0,0,
542,17020920,174,37,
543,56181427,1,16,
544,153548680,2,0,
545,108172318,8,22,
546,50641752,46,54,
547,68010461,100,25,
548,54040574,0,0,
549,56181427,1,16,
550,108172318,8,22,
551,51866421,31,1,
552,153545770,0,0,
553,151058932,0,0,
554,52451751,58,50,envoie rapide et soigner 
555,65596061,3,0,"Iryna
Oost Vlaanderen tegen Aalst"
556,152212832,0,0,
557,88894862,29,15,"on parle franÃ§ais 
parliamo italiano 
we speak english "
558,14681651,101,5,Vente de sneakers neuves et authentiques
559,65101749,78,67,
560,153549235,3,0,
561,153549235,3,0,
562,63671319,28,21,
563,28674545,17,1,
564,104418069,69,2,"Hi we are a shop based in Spain

Any question of any product just writte me"
565,15399315,27,52,"Je vends que de lâ€™authentique Ã  bas prix pour vous satisfaireâœ…
Je reprend pas les articlesğŸš¨"
566,59952045,30,1,"Bonjour !! 

â¡ï¸ tous les colis sont pris en vidÃ©o/photo avant lâ€™envoi afin dâ€™Ã©viter les arnaques 
â¡ï¸envoi rapide et en double box (48h max)

Bon shopping ! ğŸ›ï¸
"
567,75835285,8,0,
568,151916367,1,0,
569,38056899,45,1,"Et oui il peut mâ€™arriver de vendre des choses sur ce compte..
ğŸ›ï¸ğŸ›ï¸ğŸ›ï¸"
570,80775208,55,0,"Salut ğŸ‘‹ğŸ» 

Je vends des sneakers authentiques que ce soit pour femme ou homme.

Nâ€™hÃ©sitez pas Ã  vous abonner pour Ãªtre au courant dÃ¨s quâ€™un article est mis en ligne.

Lâ€™envoie se fait en 48h, si vous avez des questions nâ€™hÃ©sitez pas je suis Ã  votre disposition â˜ºï¸

IG : l.nsneakers"
571,64364726,0,0,
572,175099990,3,0,"Coucou, 
Je m&#39;appelle Alexia , 

-Meet-up possible sur le secteur de Luneville et Nnacy suivant la periode ğŸ“†

-Je vend un peu de tout sur mon profil mais plus spÃ©cifiquement des sneakers !

-J&#39;envoie mes commandes rapidement (gÃ©nÃ©ralement sous 48h grand max )

-Tout mes paires sont authentiques ( j&#39;en vend depuis maintenant 3 ans, je prÃ©fÃ¨re les prÃ©ciser au vu du nombres de Fake qu&#39;on peut trouver )

RÃ©duction de 5e pour les abonnÃ©s ;) 
(offre non cumulable)

Bon shopping !
"
573,163680633,3,0,
574,56494322,5,0,
575,152644451,5,0,
576,153548680,2,0,
577,166744495,25,0,"Salut!!,j&#39;envoie des articles authentiques , vite et soigneusement :) N&#39;hÃ©sitez surtout pas si vous avez des questions!
Je fais des rÃ©ductions pour les abonnÃ©s "
578,33491894,55,42,
579,126573872,33,17,"Bienvunue sur mon compte vintedğŸ’—                               Je vend des vÃªtement 
Envoie rapide et colis soignÃ©.                                               â­ï¸Tout les prix sont negociableâ­ï¸"
580,49563132,1,0,
581,56652114,2,0,
582,160672372,19,9,"Bonjour tout le monde 
Ici vous trouverais des sneakers 100% authentique 
Un envoi rapide et soignÃ©
Un prestataire qui est a votre Ã©coute
"
583,32398358,80,62,Je vide mon dressing. VÃªtements toujours propres et en bon Ã©tat. (A petits prix!) ğŸ˜Š
584,63762370,10,5,
585,131189235,16,1,Fan de mode ğŸ”¥                                                                            Envoie rapide sauf si je ne suis pas chez moi âœ…        Colis soignÃ© ğŸ“¦                                                                      Tous les prix sont nÃ©gociables dans la limite du raisonnable 
586,182226711,0,0,
587,42909693,19,2,
588,55347,704,290,"ğŸ“ Je mesure 1m60
ğŸ‘— Je porte du S/36 la plus part du temps
ğŸ‘Ÿ Je chausse du 37
Je vends des tailles XS aux tailles L
Marques Zara, Mango, H&amp;M, Bershka,  Ba&amp;sh, American Vintage...
Pour plus de vÃªtements, enfants et petites tailles ğŸ‘‰ğŸ¼ @hortensesm
Bon shopping ğŸ˜Š"
589,35866525,95,70,
590,31516329,0,6,
591,39208777,55,16,"Tout est authentique
PAS DE RETOUR â€¼ï¸
"
592,133500313,57,24,Je vend quelques vetement ou accÃ©soire que je nâ€™utilise plus et en trÃ¨s bonne Ã©tat. ğŸ˜
593,68728122,1,0,
594,90669002,4,0,
595,165201450,36,16,"Bonjour n&#39;hÃ©sitez pas si vous avez des questions 

Nâ€™hesitez pas a vous abonner"
596,77432040,34,2,"Bonjour je vend des sneakers principalement mais tu pourras aussi trouver autre chose quelque fois.

Tous les envois sont soignÃ©s et toujours sous 48 heures.

Tous les articles sont negiciables"
597,34301230,112,43,"Hello je vend un peu de tout dont des sneakers. 
Meet-up possible sur Montpellier. "
598,50506575,10,0,
599,153546116,0,0,
600,77513577,84,22,"Hey ğŸ‘‹ğŸ¼
Ici je vends principalement des sneakers ğŸ‘Ÿ, neuves et authentiques âœ…. Et aussi quelques vÃªtements que je ne portes plus. 
Envoie en double box ğŸ“¦"
601,152631633,0,0,
602,83105103,0,0,
603,153545770,0,0,
604,18253600,79,9,"
Vous cherchez une paire que je nâ€™ai pas mis en stock ? 
Contactez-moi sur instagram et je vous trouverais votre paire au meilleur prix ğŸ™‚
Instagram : WorldKikz 


ğŸ‘Ÿâ€¢ Revendeur de sneakers
â­ï¸ â€¢CertifiÃ©
âœ… â€¢ Authentique
ğŸ” â€¢ Pas de retour, ni de remboursement
ğŸ“¦ â€¢ ExpÃ©dition en 24h maximum
ğŸŒ â€¢ Envoie dans le monde entier en double box
ğŸ›’ â€¢ Toutes les paires sont neuves
ğŸ’­ â€¢ Si vous avez des questions, n&#39;hÃ©sitez pas a me dm
ğŸ§© â€¢ Plus d&#39;info et de photo en privÃ©.

"
605,14465848,106,75,Vendeur specialisÃ© dans la sneakers 
606,25624824,18,6,
607,35866525,95,70,
608,151891652,0,0,
609,152640129,2,0,
610,179769415,2,3,
611,83105103,0,0,
612,107772522,57,11,
613,21102814,0,0,
614,122669475,3,11,
615,153546167,4,0,
616,174942231,2,0,"Salut ğŸ‘‹, 
Nâ€™hesitez pas si vous avez des question, si un article vous plait ğŸ˜‰ Les paires sont bien sÃ»r 100% authentique âœ…, et jâ€™ai bien sÃ»r toutes les factures ğŸ§¾."
617,50641752,46,54,
618,52922215,165,80,"Bonjour Ã  tous ! ğŸ‘‹ 

Dans mon dressing, les articles sont soit des vÃªtements en trÃ¨s bon Ã©tat ou des paires de sneakers neuves.
- 100% authentique ğŸ·
- En trÃ¨s bon Ã©tat (vÃªtements) ğŸ‘•
- Neuf avec Ã©tiquette (sneakers) ğŸ‘Ÿ
- Envoie des colis dans une double boÃ®te et sous 48h grand maximum ğŸ“¬

Pour plus d&#39;informations n&#39;hÃ©sitez surtout pas Ã  me contacter, je rÃ©ponds au plus vite â˜º

ğŸ“Œ Instagram : @sbc_online_ 
"
619,45595737,21,23,
620,125798977,60,3,
621,124871119,23,1,"Dans le monde de la sneakers depuis 1 ans et demi je vend principalement des paires qui sont 100% authentique âœ…

Ps : si vous Ãªtes Ã  la recherche dâ€™une paire, envoyez moi un message je peux vous la trouvez moin cher quâ€™en magasin et avec la facture ! 
Insta : chez_resfaa75 

Je vend aussi des vÃªtements que ce soit du neuve ou en bonne Ã©tat âœ¨

Vous pouvez me contactez pour nâ€™importe quelle autre informations supplÃ©mentaires sur les articles ! 

Pas de retour acceptez Ã©tant donnez que tout est dÃ©crit dans la description ou les photos :) 
"
622,102389409,12,5,
623,111252506,5,6,
624,153553043,0,0,
625,29147408,137,34,"Vente de sneakers sur mon instagram : @1sneakysneak @_jonayd
RÃ©actif !ğŸ˜‡
Envois soignÃ©s et trÃ¨s rapides â—ï¸
-5% pour les abonnÃ©s 
ğŸ˜€Si tâ€™as besoin dâ€™informations, je suis Ã  ta disposition !
"
626,151915706,0,0,
627,116739466,1,0,L&#39;eau d&#39;amnÃ©sie
628,151899883,3,0,
629,12194381,7,3,"Salut âœŒğŸ¼

Je vends des habits peu portÃ©s ou pas, et j&#39;en fais
trÃ¨s attention, n&#39;hÃ©sitez pas Ã  m&#39;envoyer un
message pour plus d&#39;informations :)
PossibiltÃ© de faire des lots.

Envoi effectuÃ© le plus vite possibleğŸ“¦"
630,63121167,0,0,"Amo i colori, le stampe, lâ€™allegria! "
631,106691297,23,6,"Bonjour, ici vous pourrez retrouvez que des articles 100% authentiques comme des sneakers, des vetements Nike ou dâ€™autres choses qui pourront surement vous plaire ğŸ˜‰
Jâ€™envoie les colis le plus rapidement possible (72h max) 
Tout les articles sont laver et repasser avant lâ€™envoie et livrer dans un carton ou double box pour les sneakers ğŸ“¦
Je nâ€™hesite pas a vous envoyer un message si je vois que vous etes interesser par un article alors repondez moi cela serais cool ğŸ™‚
Si vous avez une question sur quoi que ce soit je suis tres actif et prendrais le plaisir de vous repondre ğŸ˜ "
632,50431599,161,94,"Made in LYONğŸ“
StreetwearğŸ‘ŸğŸ‘•
"
633,152640250,0,0,
634,17818351,123,24,"Salut a toi, 

Je vends des sneakers de toutes tailles que jâ€™achete en magasin. Les paires nâ€™ont jamais Ã©tÃ© portÃ© et sont neuves. 

Je vends egalement quelques vetements de toutes tailles
gÃ©nÃ©ralement en trÃ¨s bon Ã©tat et trÃ¨s peu portÃ© !

Pour plus dâ€™Informations tu peux venir en privÃ©ğŸ˜‰"
635,47710477,113,44,Ma passion : les baskets!!!
636,26022437,33,2,
637,46420781,164,93,"Bienvenu Ã  toutes et Ã  tousğŸ‘‹
J&#39;ai 18ans, je suis Ã©tudiant Ã  Montpellier.â˜€ï¸

Vous pouvez me retrouvez sur instagram @resell_klm et je propose aussi envoie via laposte pour 4â‚¬ 

Veuillez s&#39;il vous plaÃ®t bien lire les annonces, pas d&#39;Ã©changes possible ni de remboursements donc n&#39;hÃ©sitez surtout pas Ã  poser toutes vos questions en privÃ©e avant achatğŸ‘€

Les prix ne sont pas fixes, je suis ouvert aux nÃ©gociation dans la limite du raisonnable sur certains articles! ğŸ’¸

AUCUNES contrefaÃ§ons ne sont prÃ©sentes dans mes articles mis en vente. ğŸ‘– 
                       
ğŸ“­ğŸ“¦Les envois de mes articles se font
par Mondial Relay Uniquementâœˆï¸"
638,77364213,5,1,
639,48409211,20,22,"Bonjour ğŸ˜€

Je propose des vÃªtements d&#39;occasion et des sneakers authentiques ğŸ’¯

Les colis sont envoyÃ©s en 48h maximum ğŸ“¦"
640,22776543,149,144,"Envoie par mondial relay ou point relais ğŸ’¥
Colis toujours bien envoyÃ© et bien protÃ©gÃ© 
N&#39;hÃ©site pas si tu a des questions.ğŸ™‹â€â™‚ï¸
Ig: _adri1_g 
"
641,68612075,92,86,"
Je suis passionnÃ© de sape ğŸ‘•

Mes colis sont envoyÃ©s rapidement (-48h) âš¡ï¸âœ…

Je revends du neuf et du trÃ¨s bon Ã©tat a des prix pas trÃ©s Ã©lever ğŸ¥‡

N&#39;hÃ©site pas aller faire un tour dans mon
dressing, Des lots sont possibles ğŸ˜‰
 
Pas de retour possible !!( sauf si erreur de ma part) â€¼ï¸"
642,101429329,19,0,
643,26547744,70,38,
644,135695611,43,17,
645,21417007,77,7,"âœŒï¸ Bienvenue !

ğŸ‘‰ Tu trouveras ici des articles exclusifs et en Ã©dition limitÃ©e ! C&#39;est Ã  dire que tu ne pourras les retrouver ni en magasin, ni sur les sites internet commercants (Ã  toi la perle rare !ğŸ”®).

âœ… Tous les articles sont certifiÃ©s neufs et authentiques (factures/preuves sur demande).

ğŸ‘ŸğŸ‘•  Des vÃªtements, des sneakers et plein d&#39;autres articles, toujours en Ã©dition limitÃ©e !

ğŸ“¬ N&#39;hÃ©site pas Ã  menvoyer un message si un article t&#39;intÃ©resse, je me ferai un plaisir de te rÃ©pondre !

ğŸ˜ Ta satisfaction est ma prioritÃ© !

ğŸ§ Tu veux en voir plus ? Viens faire un tour sur
mon instagram: @sacha_rcb12


âŒ Pas de retour !
ğŸ”ƒ Ã‰changes non acceptÃ©s!"
646,19707057,251,14,"ğŸ‘— Je vide mon dressing assez reguliÃ¨rement ğŸ‘— 
 
âœ¨ Les articles envoyÃ©s sont soit neuf avec Ã©tiquettes soit trÃ¨s trÃ¨s peu portÃ©
ğŸ¤šğŸ¼ Pas de rÃ©servations
â˜ğŸ¼ Attention Ã  bien lire les descriptifs
âš ï¸ Si vous avez des questions Ã  poser faites le avant, pas de rÃ©clamations une fois lâ€™article reÃ§u
âŒ Aucun remboursement si lâ€™article ne convient pas
ğŸ’¸ Les prix ne sont pas nÃ©gociable
 
Mes mensurations : Je fais 1m71 pour 65 kilos et un 36/37 aux pieds ğŸ§šğŸ¼â€â™€ï¸

Bienvenue Ã  toutes ğŸˆ


"
647,31893198,71,4,"bienvenue dans ma garde robe je revend ce que je ne porte plus,bon shopping ğŸ˜

tous mes envois sont filmÃ©s de lâ€™emballage au dÃ©pÃ´t pour Ã©viter toute arnaque, je ne fais pas les retours sauf si erreur de ma part "
648,17818351,123,24,"Salut a toi, 

Je vends des sneakers de toutes tailles que jâ€™achete en magasin. Les paires nâ€™ont jamais Ã©tÃ© portÃ© et sont neuves. 

Je vends egalement quelques vetements de toutes tailles
gÃ©nÃ©ralement en trÃ¨s bon Ã©tat et trÃ¨s peu portÃ© !

Pour plus dâ€™Informations tu peux venir en privÃ©ğŸ˜‰"
649,58215902,105,140,"Bienvenue dans mon dressing en ligne ! 
VÃªtements et paire de basket de second main et mÃªme du neuf ! C&#39;est le bon endroit pour te faire plaisir et trouver des pÃ©pites. "
650,161594401,21,43,"Bonjour,
Nouveau compte vinted 
Je vend des chaussures / sneakers 
Envoie rapide et soignÃ© sous 24h"
651,11961669,739,299,ğŸ˜ŠğŸ€Hello les vinteds ğŸ€ğŸ˜Š
652,151058932,0,0,
653,151915173,0,0,
654,77364213,5,1,
655,26019902,1,0,
656,104264959,3,0,
657,50677581,0,0,
658,54744038,89,44,"Bienvenue sur mon compte Vinted ! Ici, vous trouverez une sÃ©lection de vÃªtements et de sneakers tendance pour hommes et femmes. 
-Tout mes artciles sont 100% authentiquesâœ…"
659,22410894,1,0,
660,151881556,0,0,
661,17474765,0,2,
662,16819637,366,11,
663,151058932,0,0,
664,126377201,18,6,"Ventes de sneakers et de vetements ğŸ‘ŸğŸ©³ğŸ‘”
Que du vrai avec preuves âœ…ï¸ et envoie rapide et soignÃ©e sous 48hğŸ“¦âœ…ï¸"
665,151881104,0,0,
666,76820839,135,80,"Instagramâœ¨ : ley_resell

Bonjour et bienvenue sur mon vinted, 
je vends des vÃªtements, des chaussures et des accessoires de qualite.
Je m&#39;engage Ã  vous livrer chaque commande entre le jour de la vente et 24h aprÃ¨s, pour que vous puissiez profiter de vos achats le plus rapidement possible.

- tout les articles vendu sont authentiques âœ…âœ¨

N&#39;hÃ©sitez pas Ã  me contacter si vous souhaitez obtenir plus de photos ou d&#39;informations sur un article. Je suis toujours disponible pour rÃ©pondre Ã  vos demandes.
"
667,14405149,35,11,Envoie que par mondiale relais!
668,77364213,5,1,
669,26407148,149,51,"Bonjour, passionnÃ© de sneakers, je mets rÃ©guliÃ¨rement Ã  jour mon dressing avec de nouveaux modÃ¨les. N&#39;hÃ©sitez pas si vous avez des demandes ou des questions particuliÃ¨res, je me ferais un plaisir de vous rÃ©pondre rapidement.

âœ… Tout les modÃ¨les que je propose sont 100% authentiques et neufs sauf mention contraire.


ğŸ’¥ N&#39;hÃ©sitez pas Ã  vous abonner pour rester informÃ© des nouvelles arrivÃ©es ğŸ’¥

âœ¨ Bon shopping ! âœ¨"
670,16462116,68,19,"Instagram : air.force.raf
 
promotion de 5% pour les abonnÃ©es instagram et vinted

ğŸ‘| PassionnÃ© de sneakers
â€¨ğŸ“ | France ğŸ‡«ğŸ‡·
â€¨ğŸŒ | Envoi des colis dans le monde entier
ğŸ¤ | Meet-up dans le 06â€¨
ğŸ‘Ÿ | Articles Authentiques et restaurÃ©es

PassionnÃ© par la sneakers plus prÃ©cisÃ©ment des air force one je collectionne les sneakers depuis plus de 6 ans.

Si vous Ãªtes intÃ©ressÃ©es par des article ou que vous voulez me poser des questions je suis Ã  votre disposition pour y rÃ©pondre sur vinted ainsi que sur Instagram. ğŸ˜ğŸ‘ 
"
671,151919269,0,0,
672,151915706,0,0,
673,76820839,135,80,"Instagramâœ¨ : ley_resell

Bonjour et bienvenue sur mon vinted, 
je vends des vÃªtements, des chaussures et des accessoires de qualite.
Je m&#39;engage Ã  vous livrer chaque commande entre le jour de la vente et 24h aprÃ¨s, pour que vous puissiez profiter de vos achats le plus rapidement possible.

- tout les articles vendu sont authentiques âœ…âœ¨

N&#39;hÃ©sitez pas Ã  me contacter si vous souhaitez obtenir plus de photos ou d&#39;informations sur un article. Je suis toujours disponible pour rÃ©pondre Ã  vos demandes.
"
674,56786527,10,11,
675,18430774,156,11,
676,105724289,59,6,"Vendeur sÃ©rieux
Envoie rapide (mondial relay de prÃ©fÃ©rence) "
677,142191752,7,0,"
"
678,54785856,0,0,
679,139558599,14,14,Sape et sneakers ğŸ˜
680,110457643,178,126,"Bonjour je me nomme Maxime je vends des paires et des vÃªtements.

Les vÃªtements sont gÃ©nÃ©ralement de taille S, M et de fois de taille XS

Je vends souvent des vÃªtements de la marque Nike, Carhartt et ralph Loren

Livraison sous 72h si possible. 
On livre avec tous les transporteurs mais colissimo et mondial relay son le plus pratique pour nous. ğŸšš

Pas de retour possibles. âŒ"
681,19697471,45,15,
682,108278777,1,1, Il faut prÃ©parer la sÃ©paration Ã  tout temps.
683,151915706,0,0,
684,137287533,30,1,"Salut et bienvenue sur mon dressing !

âœ… ~ Tous les articles sur mon dressing sont authentiques et minimum en trÃ¨s bon Ã©tat

ğŸ“¦ ~ Mes colis sont soignÃ©s et envoyÃ©s rapidement

ğŸšš ~ Vous avez la possibilitÃ© dâ€™acheter mes articles en passant par nâ€™importe quel transporteur

ğŸ“© ~ Pour toutes questions, nâ€™hÃ©sitez pas Ã  me contacter

ğŸš« ~ Je nâ€™accepte pas les retours car tout les defauts de mes articles sont visibles sur les photos, et les mesures sont demandables

ğŸ“² ~ Abonnez vous ! Je met Ã  jour mon dressing rÃ©guliÃ¨rement avec pleins de nouveautÃ©s ğŸ‰"
685,61630054,159,68,
686,169561373,10,10,Achat et vente envoye sous 24hâœ…
687,50641752,46,54,
688,22703071,170,13,"Envoi rapide.
Les vÃªtements sont lavÃ©s avant envoi.
Nâ€™hesitez pas si vous avez des questions.
PossibilitÃ© de faire des lots ( reduction activÃ© ).
Jâ€™essaie de vendre mes affaires le plus rapidement possible afin de gagner de la place.
Les nÃ©gociations sont possibles , dans la limite du raisonable !
Merci."
689,108087918,0,0,
690,181832854,0,0,
691,66122330,15,1,
692,17257323,39,8,
693,63866821,10,0,
694,174025740,28,0,
695,141082707,42,8,"Vendeur de sneakers, vÃªtements et montres le tout 100% authentique, et toujours avec factures et preuves d&#39;achat âœ…ï¸

Envoi rapide et soignÃ© sous 48h, jours ouvrÃ©s ğŸŒ©

Remise en main propre Ã©galement possible, aux alentours de Caen.

N&#39;hÃ©sitez pas Ã  me contacter au moindre problÃ¨me rencontrÃ© !

Instagram : uxshop_ 



"
696,145932120,90,28,"ğŸŒ¸-vendeur sneakers et vÃªtement
ğŸŒ¸-tout est authentique avec preuve 

ğŸŒ¸-envoie double box pour les paire
ğŸŒ¸-envoie en 24h avec mondial Relay
ğŸŒ¸-envoie en 48h pour le reste 
ğŸŒ¸-meet up possible au Luxembourg 

ğŸŒ¸-rÃ©duction de 5euro pour tous se qui s abonne 

ğŸŒ¸-pour toute question n hesite pas"
697,17069202,33,7,
698,42211053,153,175,"
âšªï¸ Tout mes articles sont authentiques, en          TrÃ¨s bon Ã©tat ou neuf.

âš«ï¸ Jâ€™expÃ©die mes colis le jour de lâ€™achat ou le lendemain. (Hors pÃ©riode week-end)

âšªï¸ Je ne fais pas de remise en main propre.

âš«ï¸ Je ne fais aucun retour et remboursement tout est indiquÃ© au dÃ©tail dans la description.

âšªï¸ Je rÃ©pond trÃ¨s rapidement pour toutes Ã©ventuelles questions.

âš«ï¸ Les prix sont nÃ©gociable Ã  la limite du raisonnable.

Bon shopping !"
699,52651065,228,25,"Bonjour, bienvenue dans mon dressing VintedğŸ‘Œ

Chaque article que je propose est soigneusement vÃ©rifiÃ© avant d&#39;Ãªtre mis en vente, pour m&#39;assurer qu&#39;il est en excellent Ã©tat.ğŸ˜‰
Les vÃªtements sont lavÃ©s ou nettoyÃ©s.âœ…
Je fait trÃ¨s attention Ã  la qualitÃ© de mes articles et j&#39;espÃ¨re que vous serez satisfait(e) de votre achat.
Je suis ouvert Ã  la nÃ©gociation des prix, donc n&#39;hÃ©sitez pas Ã  me faire une offre si vous trouvez quelque chose qui vous plaÃ®t, vous pouvez aussi me proposer un prix de groupe pour plusieurs article.ğŸ’¶
Je suis Ã©galement disponible pour rÃ©pondre Ã  toutes vos questions sur les articles que je propose, ou pour vous fournir les dimensions ou d&#39;autres informations dont vous avez besoin.ğŸ™‹â€â™‚ï¸

Merci de visiter mon dressing, j&#39;espÃ¨re que vous trouverez quelque chose qui vous plaira!!!"
700,39656915,42,34,
701,42652470,11,1,Coucou tout le monde j ai perdu mon premier compte  (wassima8989)je suis de retour ğŸ˜‰ğŸ˜Š
702,72160791,25,15,"âœŒğŸ¼ Bienvenue !

ğŸ‘‰ğŸ¼ Tu trouveras ici des articles exclusifs et en Ã©dition limitÃ©e ! C&#39;est Ã  dire que tu ne pourras les retrouver ni en magasin, ni sur les sites internet commercants ( Ã  toi la perle rare ! )

âœ… Tous les articles sont certifiÃ©s neufs et authentiques (factures/preuves sur demande).

ğŸ‘Ÿ Des vÃªtements, des sneakers et plein d&#39;autres articles, toujours en Ã©dition limitÃ©e !

ğŸ“¬ N&#39;hÃ©site pas Ã  menvoyer un message si un article t&#39;intÃ©resse, je me ferai un plaisir de te rÃ©pondre!

ğŸ•ºğŸ» Ta satisfaction est ma prioritÃ© !

âŒ Pas de retour 
ğŸ”ƒ Ã‰changes non acceptÃ©s!"
703,24825060,964,520,"Proche Lille (59)
Nettoyage et repassage de tous les vetements avant envoi ğŸŒ¸ğŸ‘šğŸ‘—ğŸ‘•ğŸ‘–
Maison non fumeurğŸ›ğŸ˜€
Tout type d envoi de colis possible en evitant La Poste trop de mauvaises experiences malheureusement et Vinted Go si colis trop volumineux car peu de dispo merci"
704,12869657,64,1,
705,142286074,9,2,"Revendeur de sneaker basÃ© sur Nantes.

N&#39;hÃ©sitez pas Ã  regarder l&#39;insta: pango.shop_ pour voir toutes disponibilitÃ©s

Toutes les paires sont authentique et expÃ©diÃ© en 24h, avec carton de protection"
706,14681651,101,5,Vente de sneakers neuves et authentiques
707,67039208,7,0,
708,46758882,40,5,"Hello,

Je vends des paires de sneakers cop sur SNKRS, Nike et Adidas. ğŸ‘Ÿ
J&#39;achÃ¨te aussi des paires qui restockent sur des sites tels que Foot Lockers, Size?, SNS, Courir, Zalondo. . .ğŸ‘Ÿ

NIKE, Jordan, Adidas, Yeezy, UGG, New Balance. . .ğŸ”

100% neuves, authentiques et avec Ã©tiquettes et facturesğŸ†•ï¸âœ…ï¸

Envoi rapide dans les 24h maximum en double-box.ğŸ“¦âœ…ï¸

N&#39;hÃ©sitez pas si vous avez des questions.â“ï¸

Dylan
IG : dylan.tbl"
709,29100888,57,2,"ğŸš¨ -5% pour les abonnÃ©s Ã  mon compte Vinted ğŸš¨

âœ¨ â€¢ Bienvenue sur ma page ! Ici vous retrouverez uniquement des articles authentiques.
â“ â€¢ Je suis disponible pour toutes questions !
ğŸŒ â€¢ Je propose une livraison rapide en -24h.
ğŸ¥Š â€¢ Pas de livraison UPS !!"
710,133677284,16,1,"Salut ! N &#39;hÃ©sitez pas Ã  faire confiance pour vos sneakers ! Que de l&#39;authentique aucune contrefaÃ§on.

Compte similaire avec Radouan89"
711,152640129,2,0,
712,151881104,0,0,
713,14416999,0,3,
714,10508676,205,302,
715,39777787,43,5,"Salut ! ğŸ‘‹

Envoie rapide ğŸ“¦

Vendeur de chaussure limitÃ©e : Ugg, Jordan, Dunk, Campus ğŸ‘Ÿ

Si vous souhaitez un modÃ¨le en particulier 
Contacter moi sur insta : Elouan.cl

âš ï¸ pas de retour 
"
716,68612075,92,86,"
Je suis passionnÃ© de sape ğŸ‘•

Mes colis sont envoyÃ©s rapidement (-48h) âš¡ï¸âœ…

Je revends du neuf et du trÃ¨s bon Ã©tat a des prix pas trÃ©s Ã©lever ğŸ¥‡

N&#39;hÃ©site pas aller faire un tour dans mon
dressing, Des lots sont possibles ğŸ˜‰
 
Pas de retour possible !!( sauf si erreur de ma part) â€¼ï¸"
717,125798977,60,3,
718,38432980,9,0,
719,151881556,0,0,
720,26885831,98,68,"Rennes.
PassionnÃ© de modes et vÃªtements en tous genres.
"
721,54806738,36,17,
722,12360190,35,16,"
Bienvenue sur mon compte Vinted oÃ¹ vous dÃ©couvrirez sÃ»rement des trouvailles incontournables si vous Ãªtes fan de vÃªtements tendance et de Sneakers Hype ğŸ’•.

Toutes vos commandes seront expÃ©diÃ©es dans un dÃ©lai de 24 heures, garantissant ainsi une livraison rapide et sÃ©curisÃ©e ğŸ“¦.

De plus, en tant qu&#39;abonnÃ©, vous bÃ©nÃ©ficierez d&#39;une rÃ©duction de 5% sur vos achats â™»ï¸ 

J&#39;applique des tarifs d&#39;expÃ©dition rÃ©duits au maximum pour toutes mes annonces ğŸ™Œ."
723,75831250,100,2,
724,26942888,84,3,
725,63762370,10,5,
726,68612075,92,86,"
Je suis passionnÃ© de sape ğŸ‘•

Mes colis sont envoyÃ©s rapidement (-48h) âš¡ï¸âœ…

Je revends du neuf et du trÃ¨s bon Ã©tat a des prix pas trÃ©s Ã©lever ğŸ¥‡

N&#39;hÃ©site pas aller faire un tour dans mon
dressing, Des lots sont possibles ğŸ˜‰
 
Pas de retour possible !!( sauf si erreur de ma part) â€¼ï¸"
727,168230584,1,0,
728,39746242,11,4,
729,160523871,5,60,
730,31223374,3,0,
731,78864810,1,5,
732,72160791,25,15,"âœŒğŸ¼ Bienvenue !

ğŸ‘‰ğŸ¼ Tu trouveras ici des articles exclusifs et en Ã©dition limitÃ©e ! C&#39;est Ã  dire que tu ne pourras les retrouver ni en magasin, ni sur les sites internet commercants ( Ã  toi la perle rare ! )

âœ… Tous les articles sont certifiÃ©s neufs et authentiques (factures/preuves sur demande).

ğŸ‘Ÿ Des vÃªtements, des sneakers et plein d&#39;autres articles, toujours en Ã©dition limitÃ©e !

ğŸ“¬ N&#39;hÃ©site pas Ã  menvoyer un message si un article t&#39;intÃ©resse, je me ferai un plaisir de te rÃ©pondre!

ğŸ•ºğŸ» Ta satisfaction est ma prioritÃ© !

âŒ Pas de retour 
ğŸ”ƒ Ã‰changes non acceptÃ©s!"
733,110457643,178,126,"Bonjour je me nomme Maxime je vends des paires et des vÃªtements.

Les vÃªtements sont gÃ©nÃ©ralement de taille S, M et de fois de taille XS

Je vends souvent des vÃªtements de la marque Nike, Carhartt et ralph Loren

Livraison sous 72h si possible. 
On livre avec tous les transporteurs mais colissimo et mondial relay son le plus pratique pour nous. ğŸšš

Pas de retour possibles. âŒ"
734,26351202,129,77,"ğŸ«€ğŸ«€



sneakers / air force 1 pixel shadow gray
banned guava WMNS barely dutch green all
star black royal smoke chicago Jordan 1 mid
dunk unc coast sail desert sand copa summit
white ghost beach pixel syracuse sea glass
siren red football vast gym red pearl sail tan
game royal gold chain photon dust apricot
pale ivory pastel aurora spruce speed
hydrogen white citron pistachio barely total
mystique coconut milk desert sand Jordan
1234 5678 9 10 11 yeezy 350V2 350 700
700V2 700V3 380 400 QNTM Foam runner
dunk low high disrupt air force 1 shadow Iv2
coconut milk | new balance 327 237 asics gel
kayano pink silver artic white black gold
SNKRS SNEAKERS deadstock dunk love X SNS
SNKRS sneakers basket retro vintage shoes
headstock signal blue neutral gray freeze out
trophy og sp hyper cobalt dark orange red
silver toe medium curry comfort camcorder
mars royal pulse readymade clot taupe Jordan
silver toe medium curry comfort camcorder
mars royal pulse readymade clot taupe Jordan
1 mid fearless Maison ChÃ¢teau Rouge OG pine
green black retro high shattered backboard
3.0 low triple black triple white Chicago lasezr
blue mid Milan Retro high Patent bred toe mid
royal Obsidian fearless OG bloodline Hight
cactusjack black crimson tint satin toe white
racer blue green zoom low Travis off white
university blue high low Dior fearless Union
"
735,22364320,0,0,
736,131367394,3,17,Revente de sneakers 
737,22785421,46,48,
738,19594134,193,53,
739,35685370,44,16,"Envoyez moi un message si vous chercher des paires, vous commandez et je vous trouve la paire le plus rapidement possible 

-Envoi rapide

-PossibilitÃ© de nÃ©gociation

-Nâ€™hÃ©sitez pas a mâ€™envoyer des messages, je rÃ©ponds vite. 

-Remise en main propre possible sur Paris ;)

-Tout les articles sont conformes aux photos et tout les dÃ©fauts sont bien indiques dans la description âœ…
 ğŸ˜ƒğŸ˜ƒ"
740,152700011,0,0,
741,110457643,178,126,"Bonjour je me nomme Maxime je vends des paires et des vÃªtements.

Les vÃªtements sont gÃ©nÃ©ralement de taille S, M et de fois de taille XS

Je vends souvent des vÃªtements de la marque Nike, Carhartt et ralph Loren

Livraison sous 72h si possible. 
On livre avec tous les transporteurs mais colissimo et mondial relay son le plus pratique pour nous. ğŸšš

Pas de retour possibles. âŒ"
742,18047122,513,803,"Hello et bienvenue dans mon dressing

Ã€ savoir avant tout achat :

&gt; ExpÃ©dition des colis au plus vite dans des pochettes sÃ©curisÃ©es et impÃ©rmÃ©ables afin de garantir un bon envoi.

&gt; Pas de retours / remboursements / Ã©changes.

N&#39;hÃ©sitez pas Ã  me contacter pour tout complement d&#39;informations ! 
Bon shoppingğŸ›ï¸"
743,129923525,54,10,"â–ªï¸Livraison rapide
â–ªï¸Prix nÃ©gociables dans la mesure du raisonnable
â–ªï¸Articles neufs ou en excellent Ã©tat
Bon shopping ğŸ‘!!"
744,13568057,283,179,"                Hello ğŸŒ¼

J&#39;accepte toutes les offres dans la limite du raisonnable. 

Bonne journÃ©e ğŸŒ»
"
745,68612075,92,86,"
Je suis passionnÃ© de sape ğŸ‘•

Mes colis sont envoyÃ©s rapidement (-48h) âš¡ï¸âœ…

Je revends du neuf et du trÃ¨s bon Ã©tat a des prix pas trÃ©s Ã©lever ğŸ¥‡

N&#39;hÃ©site pas aller faire un tour dans mon
dressing, Des lots sont possibles ğŸ˜‰
 
Pas de retour possible !!( sauf si erreur de ma part) â€¼ï¸"
746,177954532,0,0,"PassionnÃ© de sneakers et de mode ğŸ’š
Toutes les refs de mes prÃ©cÃ©dentes ventes sur mon insta : ladiff94_
(Nouveau compte Vinted)"
747,19013816,64,0,
748,68612075,92,86,"
Je suis passionnÃ© de sape ğŸ‘•

Mes colis sont envoyÃ©s rapidement (-48h) âš¡ï¸âœ…

Je revends du neuf et du trÃ¨s bon Ã©tat a des prix pas trÃ©s Ã©lever ğŸ¥‡

N&#39;hÃ©site pas aller faire un tour dans mon
dressing, Des lots sont possibles ğŸ˜‰
 
Pas de retour possible !!( sauf si erreur de ma part) â€¼ï¸"
749,35866525,95,70,
750,105841550,9,3,
751,105768544,63,59,"Salut ! Je mâ€™appelle Matisse. Jâ€™ai 18 ans. Si un article tâ€™interesse, tu peux me dm ! Nâ€™hesitez pas Ã  mâ€™envoyer un message, je repondrai avec plaisir ! Je fais toujours tres attention aux vetements que je vends et je fais les colis avec soins !!
"
752,135695611,43,17,
753,25975117,511,68,"Bienvenue sur mon compte !

Je fais du tri dans mon dressing, je propose donc mes articles Ã  prix mini !

Je suis Ã  votre entiÃ¨re disposition en cas de questions ou dâ€™informations supplÃ©mentaires.

âš«ï¸ Pas de retour
âš«ï¸ Livraison rapide
âš«ï¸ Prix nÃ©gociables dans la mesure du raisonnable âš«ï¸ Articles neufs ou en excellent Ã©tat 

BON SHOPPING !"
754,60819299,24,9,"Jeune homme qui essaye de se faire un peu dâ€™argent 
Insta : tony.mrtn_"
755,63127853,89,34,"Jâ€™envoie les articles rapidement et soigneusement !!
Sneakers addict ğŸ‘Ÿâœ”ï¸"
756,14657229,1,0,
757,31309760,0,1,
758,21102814,0,0,
759,32072866,28,46,
760,165201450,36,16,"Bonjour n&#39;hÃ©sitez pas si vous avez des questions 

Nâ€™hesitez pas a vous abonner"
761,17020920,174,37,
762,50641752,46,54,
763,33732426,0,0,
764,146953869,8,20,
765,18468637,56,39,
766,14097950,13,12,
767,74021292,56,15,"ğŸ‘‹Salut !
â˜€ï¸ Me contacter avant tout achat
ğŸ“¦ Je ne passe que par la plate-forme
ğŸ”„ Pas dâ€™Ã©change, sauf coup de cÅ“ur
âŒ Pas de remboursement
ğŸ§¼Tous les vÃªtements sont lavÃ©s et vÃ©rifiÃ©s afin de vous les envoyer dans les meilleures conditions
ğŸ’¶RÃ©duction dÃ¨s 3 articles achetÃ©s
ğŸ“ Pour toute information complÃ©mentaire je suis Ã  votre disposition
ğŸ›’ Bon shopping !"
768,69575272,0,3,
769,166572394,15,5,"coucou 
bienvenue sur mon Profil
toute les commendes seront expedie sous 48h"
770,66122330,15,1,
771,165201450,36,16,"Bonjour n&#39;hÃ©sitez pas si vous avez des questions 

Nâ€™hesitez pas a vous abonner"
772,87686008,50,14,
773,42561414,17,1,
774,182323694,2,1,
775,19013816,64,0,
776,56228391,23,28,Spero di trovare persone affidabili come meğŸ˜ƒ
777,168230584,1,0,
778,25994815,30,38,"Si vous Ãªtes intÃ©ressÃ© par plusieurs articles, vous pouvez faire un lot et je vous ferait un prix."
779,12639593,55,6,
